'sample #','ECG','ECG'
0,-67,47
1,-63,47
2,-55,46
3,-56,39
4,-57,41
5,-64,38
6,-69,37
7,-66,37
8,-58,39
9,-55,44
10,-51,42
11,-52,43
12,-53,37
13,-58,36
14,-60,36
15,-66,40
16,-61,41
17,-56,40
18,-46,42
19,-45,42
20,-49,43
21,-52,37
22,-56,38
23,-58,29
24,-56,39
25,-54,45
26,-51,43
27,-49,41
28,-48,43
29,-47,36
30,-59,30
31,-62,31
32,-55,37
33,-57,40
34,-58,44
35,-52,39
36,-46,38
37,-50,36
38,-53,30
39,-59,34
40,-62,34
41,-62,31
42,-57,42
43,-56,43
44,-52,41
45,-57,37
46,-61,30
47,-64,33
48,-68,32
49,-68,28
50,-69,39
51,-63,40
52,-61,36
53,-59,35
54,-70,30
55,-71,26
56,-76,27
57,-78,33
58,-77,36
59,-75,39
60,-74,38
61,-77,35
62,-78,28
63,-85,24
64,-87,22
65,-90,28
66,-91,31
67,-89,39
68,-82,33
69,-77,36
70,-78,28
71,-91,28
72,-89,27
73,-93,32
74,-91,26
75,-87,38
76,-81,33
77,-82,34
78,-79,34
79,-82,27
80,-81,24
81,-82,20
82,-84,29
83,-81,30
84,-77,34
85,-75,34
86,-74,28
87,-75,29
88,-75,21
89,-81,20
90,-81,26
91,-77,28
92,-76,31
93,-74,32
94,-67,29
95,-68,25
96,-75,21
97,-75,24
98,-73,19
99,-76,23
100,-67,29
101,-61,26
102,-60,25
103,-60,28
104,-65,25
105,-66,19
106,-69,20
107,-68,21
108,-71,26
109,-65,30
110,-61,33
111,-59,29
112,-62,31
113,-66,18
114,-70,21
115,-72,19
116,-67,30
117,-49,39
118,-43,65
119,-29,89
120,-15,127
121,2,163
122,28,208
123,47,251
124,61,270
125,66,272
126,49,253
127,17,241
128,-24,226
129,-83,219
130,-133,216
131,-171,213
132,-206,212
133,-222,208
134,-237,198
135,-244,183
136,-246,160
137,-238,133
138,-227,107
139,-210,85
140,-196,65
141,-178,58
142,-166,44
143,-152,35
144,-141,26
145,-137,11
146,-127,-3
147,-118,-13
148,-111,-13
149,-101,-10
150,-95,-13
151,-87,-14
152,-80,-14
153,-78,-20
154,-76,-24
155,-81,-30
156,-89,-26
157,-84,-26
158,-78,-24
159,-80,-26
160,-72,-26
161,-69,-21
162,-72,-26
163,-75,-33
164,-78,-40
165,-84,-38
166,-78,-34
167,-74,-32
168,-70,-32
169,-69,-42
170,-66,-46
171,-68,-52
172,-71,-56
173,-72,-53
174,-70,-53
175,-69,-54
176,-64,-53
177,-64,-57
178,-60,-62
179,-61,-71
180,-63,-77
181,-67,-79
182,-63,-82
183,-63,-77
184,-58,-77
185,-50,-82
186,-47,-84
187,-48,-89
188,-52,-100
189,-53,-102
190,-52,-107
191,-45,-110
192,-36,-108
193,-26,-110
194,-21,-111
195,-21,-122
196,-12,-125
197,-11,-130
198,-5,-124
199,-1,-127
200,5,-120
201,12,-117
202,17,-116
203,17,-121
204,19,-124
205,16,-127
206,22,-124
207,28,-118
208,33,-111
209,47,-101
210,54,-104
211,60,-102
212,58,-104
213,58,-104
214,61,-97
215,61,-91
216,63,-86
217,70,-79
218,78,-74
219,80,-73
220,76,-73
221,65,-73
222,61,-72
223,54,-68
224,50,-62
225,47,-56
226,47,-48
227,47,-44
228,37,-48
229,27,-49
230,13,-49
231,1,-52
232,-4,-46
233,-10,-36
234,-8,-32
235,-6,-32
236,-9,-32
237,-15,-36
238,-20,-41
239,-31,-39
240,-34,-33
241,-40,-31
242,-36,-30
243,-35,-25
244,-35,-29
245,-36,-33
246,-41,-36
247,-47,-34
248,-51,-31
249,-52,-27
250,-46,-27
251,-48,-22
252,-46,-22
253,-47,-25
254,-46,-27
255,-49,-29
256,-54,-30
257,-56,-27
258,-55,-21
259,-52,-17
260,-48,-17
261,-52,-17
262,-54,-19
263,-56,-29
264,-62,-26
265,-58,-21
266,-62,-16
267,-55,-9
268,-55,-9
269,-51,-17
270,-53,-16
271,-58,-18
272,-66,-25
273,-62,-18
274,-61,-22
275,-57,-17
276,-56,-13
277,-57,-14
278,-53,-15
279,-57,-18
280,-63,-25
281,-63,-25
282,-64,-24
283,-60,-18
284,-54,-17
285,-50,-11
286,-49,-14
287,-51,-18
288,-59,-22
289,-60,-30
290,-62,-24
291,-59,-21
292,-57,-16
293,-54,-15
294,-50,-18
295,-53,-18
296,-52,-24
297,-58,-26
298,-62,-18
299,-59,-19
300,-56,-15
301,-52,-9
302,-52,-10
303,-54,-15
304,-55,-17
305,-62,-18
306,-68,-21
307,-66,-18
308,-68,-14
309,-63,-7
310,-59,-9
311,-58,-10
312,-61,-16
313,-61,-23
314,-57,-22
315,-62,-24
316,-59,-19
317,-57,-16
318,-55,-12
319,-52,-13
320,-51,-22
321,-54,-27
322,-55,-29
323,-64,-25
324,-64,-26
325,-57,-17
326,-56,-23
327,-50,-19
328,-53,-21
329,-58,-32
330,-57,-33
331,-64,-33
332,-61,-31
333,-61,-25
334,-53,-22
335,-52,-23
336,-50,-23
337,-54,-29
338,-54,-33
339,-61,-33
340,-59,-34
341,-61,-30
342,-61,-25
343,-55,-24
344,-52,-26
345,-50,-30
346,-57,-31
347,-61,-36
348,-65,-34
349,-61,-31
350,-59,-27
351,-57,-25
352,-55,-25
353,-54,-25
354,-58,-29
355,-60,-28
356,-66,-34
357,-68,-30
358,-63,-26
359,-64,-26
360,-56,-28
361,-54,-26
362,-54,-29
363,-59,-34
364,-57,-37
365,-61,-37
366,-62,-33
367,-53,-29
368,-52,-31
369,-52,-27
370,-54,-29
371,-58,-38
372,-60,-44
373,-63,-37
374,-61,-34
375,-63,-30
376,-60,-25
377,-54,-28
378,-54,-32
379,-59,-36
380,-61,-35
381,-65,-34
382,-64,-34
383,-64,-34
384,-62,-27
385,-57,-28
386,-56,-33
387,-56,-34
388,-51,-44
389,-59,-46
390,-61,-43
391,-55,-37
392,-54,-30
393,-43,-33
394,-43,-32
395,-45,-37
396,-44,-43
397,-50,-46
398,-54,-47
399,-57,-45
400,-55,-39
401,-48,-33
402,-43,-34
403,-42,-37
404,-47,-42
405,-48,-47
406,-53,-44
407,-57,-42
408,-52,-36
409,-49,-33
410,-45,-34
411,-48,-37
412,-46,-40
413,-54,-41
414,-60,-44
415,-55,-43
416,-55,-41
417,-54,-35
418,-47,-32
419,-49,-35
420,-52,-38
421,-54,-44
422,-56,-43
423,-54,-46
424,-59,-42
425,-57,-41
426,-53,-37
427,-46,-37
428,-49,-41
429,-52,-46
430,-61,-48
431,-62,-51
432,-68,-44
433,-63,-37
434,-58,-38
435,-55,-46
436,-52,-44
437,-50,-51
438,-51,-53
439,-53,-54
440,-54,-51
441,-54,-48
442,-50,-45
443,-47,-45
444,-41,-45
445,-41,-52
446,-45,-59
447,-50,-53
448,-54,-59
449,-49,-56
450,-51,-57
451,-47,-50
452,-48,-53
453,-40,-52
454,-45,-56
455,-49,-66
456,-54,-63
457,-56,-59
458,-57,-52
459,-49,-50
460,-47,-49
461,-45,-57
462,-48,-57
463,-47,-60
464,-53,-67
465,-55,-58
466,-54,-55
467,-51,-54
468,-48,-57
469,-45,-56
470,-47,-62
471,-49,-66
472,-50,-66
473,-61,-66
474,-57,-61
475,-49,-55
476,-48,-54
477,-49,-52
478,-48,-50
479,-53,-61
480,-59,-65
481,-61,-66
482,-64,-64
483,-62,-55
484,-49,-53
485,-43,-48
486,-41,-55
487,-44,-59
488,-47,-65
489,-55,-67
490,-57,-66
491,-52,-62
492,-49,-54
493,-40,-53
494,-39,-54
495,-43,-56
496,-42,-62
497,-48,-59
498,-55,-60
499,-47,-60
500,-40,-45
501,-27,-18
502,-10,16
503,14,68
504,40,117
505,64,159
506,79,186
507,89,187
508,89,180
509,70,169
510,52,160
511,21,146
512,-16,136
513,-55,129
514,-96,123
515,-126,117
516,-152,111
517,-172,95
518,-177,79
519,-172,50
520,-166,20
521,-154,2
522,-149,-15
523,-147,-24
524,-139,-38
525,-130,-40
526,-125,-54
527,-115,-66
528,-106,-80
529,-100,-88
530,-96,-98
531,-92,-97
532,-85,-99
533,-81,-104
534,-76,-93
535,-74,-96
536,-74,-101
537,-72,-107
538,-73,-111
539,-79,-112
540,-77,-111
541,-78,-109
542,-75,-104
543,-68,-105
544,-67,-107
545,-70,-114
546,-67,-119
547,-74,-122
548,-75,-127
549,-74,-121
550,-71,-122
551,-63,-120
552,-60,-126
553,-58,-124
554,-59,-134
555,-62,-140
556,-67,-139
557,-65,-142
558,-66,-140
559,-64,-140
560,-57,-143
561,-54,-144
562,-55,-153
563,-56,-160
564,-58,-161
565,-61,-168
566,-57,-166
567,-51,-169
568,-43,-171
569,-36,-175
570,-38,-184
571,-37,-191
572,-43,-201
573,-40,-193
574,-42,-194
575,-36,-191
576,-25,-194
577,-18,-197
578,-15,-200
579,-14,-207
580,-10,-209
581,-8,-212
582,-4,-204
583,4,-202
584,7,-199
585,15,-191
586,22,-194
587,28,-197
588,24,-199
589,26,-197
590,28,-189
591,38,-187
592,43,-185
593,55,-174
594,61,-172
595,67,-175
596,64,-172
597,63,-173
598,65,-168
599,66,-159
600,68,-156
601,71,-145
602,77,-144
603,78,-140
604,74,-145
605,66,-144
606,61,-140
607,57,-135
608,49,-125
609,48,-118
610,44,-117
611,39,-117
612,36,-116
613,27,-118
614,16,-113
615,7,-108
616,0,-106
617,-1,-103
618,0,-95
619,-1,-101
620,-9,-96
621,-19,-101
622,-23,-97
623,-29,-100
624,-30,-96
625,-29,-90
626,-26,-86
627,-20,-85
628,-25,-87
629,-23,-90
630,-31,-96
631,-32,-92
632,-33,-87
633,-35,-82
634,-31,-81
635,-26,-76
636,-23,-82
637,-26,-83
638,-25,-95
639,-32,-92
640,-38,-88
641,-38,-84
642,-34,-78
643,-29,-77
644,-25,-78
645,-30,-82
646,-34,-81
647,-42,-82
648,-45,-81
649,-44,-76
650,-45,-74
651,-38,-74
652,-29,-69
653,-33,-75
654,-33,-75
655,-43,-77
656,-42,-79
657,-46,-81
658,-41,-72
659,-38,-72
660,-37,-70
661,-34,-72
662,-32,-81
663,-37,-80
664,-43,-81
665,-42,-77
666,-41,-76
667,-42,-67
668,-36,-71
669,-31,-71
670,-40,-71
671,-39,-79
672,-49,-76
673,-48,-78
674,-44,-76
675,-44,-72
676,-45,-68
677,-39,-67
678,-37,-66
679,-37,-66
680,-42,-73
681,-46,-79
682,-52,-77
683,-45,-71
684,-36,-66
685,-33,-63
686,-39,-66
687,-37,-69
688,-40,-71
689,-49,-74
690,-46,-66
691,-48,-63
692,-45,-59
693,-40,-61
694,-41,-55
695,-43,-62
696,-49,-64
697,-50,-64
698,-54,-58
699,-50,-61
700,-44,-60
701,-38,-56
702,-41,-60
703,-39,-64
704,-38,-69
705,-39,-70
706,-47,-70
707,-47,-69
708,-44,-68
709,-40,-59
710,-36,-56
711,-33,-60
712,-32,-71
713,-37,-69
714,-44,-70
715,-42,-70
716,-48,-67
717,-42,-60
718,-37,-60
719,-33,-64
720,-35,-67
721,-38,-72
722,-44,-74
723,-47,-71
724,-48,-69
725,-41,-63
726,-38,-64
727,-36,-61
728,-35,-68
729,-39,-70
730,-43,-75
731,-47,-68
732,-46,-69
733,-42,-64
734,-38,-65
735,-36,-62
736,-29,-62
737,-35,-69
738,-38,-73
739,-44,-75
740,-46,-70
741,-47,-67
742,-41,-65
743,-34,-61
744,-29,-61
745,-29,-67
746,-37,-71
747,-39,-71
748,-40,-69
749,-39,-65
750,-38,-62
751,-28,-58
752,-28,-58
753,-27,-64
754,-29,-68
755,-32,-68
756,-39,-65
757,-42,-65
758,-40,-62
759,-35,-60
760,-35,-58
761,-31,-63
762,-32,-68
763,-36,-67
764,-42,-68
765,-44,-69
766,-41,-63
767,-38,-60
768,-35,-56
769,-31,-58
770,-31,-66
771,-36,-71
772,-38,-70
773,-37,-73
774,-36,-65
775,-36,-62
776,-33,-61
777,-28,-59
778,-28,-65
779,-32,-66
780,-36,-70
781,-39,-70
782,-39,-67
783,-37,-62
784,-32,-61
785,-28,-63
786,-29,-59
787,-30,-63
788,-34,-67
789,-37,-70
790,-39,-66
791,-35,-65
792,-33,-57
793,-27,-62
794,-27,-58
795,-27,-60
796,-32,-70
797,-35,-67
798,-41,-69
799,-34,-70
800,-34,-63
801,-29,-61
802,-33,-59
803,-28,-61
804,-26,-70
805,-32,-70
806,-36,-69
807,-34,-68
808,-37,-63
809,-30,-58
810,-29,-63
811,-24,-63
812,-25,-63
813,-33,-71
814,-33,-72
815,-35,-67
816,-35,-66
817,-32,-61
818,-27,-60
819,-24,-61
820,-26,-66
821,-32,-71
822,-37,-72
823,-37,-69
824,-35,-71
825,-35,-67
826,-27,-67
827,-26,-62
828,-21,-68
829,-22,-75
830,-30,-74
831,-31,-78
832,-32,-74
833,-35,-73
834,-29,-64
835,-25,-67
836,-24,-70
837,-24,-72
838,-30,-76
839,-36,-73
840,-37,-70
841,-36,-68
842,-31,-64
843,-25,-63
844,-24,-67
845,-25,-68
846,-28,-69
847,-34,-74
848,-39,-74
849,-35,-77
850,-30,-66
851,-29,-66
852,-26,-66
853,-26,-66
854,-28,-68
855,-30,-75
856,-34,-70
857,-31,-75
858,-32,-68
859,-28,-64
860,-21,-63
861,-15,-63
862,-21,-72
863,-25,-70
864,-28,-80
865,-32,-73
866,-23,-68
867,-30,-66
868,-24,-62
869,-20,-63
870,-21,-65
871,-24,-71
872,-33,-70
873,-30,-70
874,-37,-74
875,-33,-65
876,-25,-64
877,-18,-64
878,-23,-66
879,-19,-65
880,-27,-77
881,-33,-74
882,-30,-71
883,-29,-64
884,-26,-61
885,-18,-60
886,-18,-62
887,-25,-64
888,-29,-68
889,-32,-64
890,-32,-64
891,-31,-59
892,-24,-56
893,-14,-51
894,-11,-48
895,0,-33
896,7,-5
897,19,41
898,41,99
899,74,159
900,106,194
901,123,197
902,121,184
903,101,170
904,71,156
905,34,141
906,-5,140
907,-45,136
908,-88,134
909,-127,135
910,-159,130
911,-184,115
912,-204,92
913,-212,65
914,-209,40
915,-193,16
916,-169,0
917,-149,-8
918,-126,-18
919,-119,-32
920,-113,-46
921,-111,-60
922,-109,-77
923,-99,-85
924,-84,-88
925,-68,-92
926,-54,-93
927,-43,-98
928,-42,-102
929,-40,-105
930,-48,-107
931,-44,-105
932,-46,-113
933,-41,-108
934,-39,-106
935,-36,-103
936,-29,-105
937,-32,-107
938,-39,-118
939,-39,-120
940,-37,-116
941,-36,-117
942,-36,-110
943,-29,-108
944,-26,-111
945,-28,-114
946,-26,-119
947,-30,-125
948,-35,-127
949,-35,-128
950,-33,-118
951,-25,-121
952,-23,-125
953,-19,-130
954,-25,-138
955,-30,-143
956,-28,-140
957,-24,-143
958,-25,-146
959,-23,-144
960,-15,-148
961,-8,-151
962,-6,-161
963,-14,-168
964,-17,-165
965,-11,-173
966,-5,-174
967,-2,-167
968,5,-171
969,11,-174
970,12,-176
971,14,-180
972,10,-188
973,12,-188
974,17,-189
975,29,-182
976,37,-180
977,42,-181
978,55,-178
979,56,-185
980,57,-191
981,61,-187
982,64,-179
983,72,-171
984,84,-169
985,90,-169
986,101,-167
987,105,-168
988,106,-170
989,109,-168
990,110,-160
991,115,-153
992,123,-148
993,131,-142
994,127,-137
995,129,-133
996,120,-135
997,113,-134
998,108,-128
999,102,-121
1000,100,-110
1001,95,-105
1002,90,-105
1003,76,-101
1004,71,-96
1005,61,-100
1006,52,-99
1007,42,-96
1008,37,-89
1009,38,-84
1010,39,-84
1011,31,-85
1012,23,-89
1013,19,-93
1014,15,-95
1015,9,-92
1016,5,-86
1017,4,-82
1018,7,-80
1019,7,-80
1020,5,-83
1021,-2,-83
1022,-4,-83
1023,-9,-85
1024,-9,-77
1025,-11,-69
1026,-4,-66
1027,-1,-62
1028,-1,-59
1029,-6,-67
1030,-10,-72
1031,-15,-68
1032,-15,-69
1033,-19,-65
1034,-13,-54
1035,-9,-54
1036,-4,-55
1037,-8,-62
1038,-15,-65
1039,-17,-67
1040,-21,-64
1041,-19,-61
1042,-16,-56
1043,-12,-55
1044,-10,-58
1045,-11,-60
1046,-14,-64
1047,-14,-66
1048,-20,-63
1049,-20,-62
1050,-18,-55
1051,-15,-53
1052,-13,-52
1053,-9,-51
1054,-14,-59
1055,-16,-62
1056,-22,-59
1057,-24,-58
1058,-18,-57
1059,-20,-51
1060,-23,-50
1061,-14,-53
1062,-16,-59
1063,-19,-63
1064,-22,-58
1065,-22,-62
1066,-20,-54
1067,-18,-47
1068,-10,-57
1069,-6,-55
1070,-11,-58
1071,-14,-62
1072,-15,-62
1073,-19,-64
1074,-18,-61
1075,-12,-54
1076,-12,-56
1077,-10,-54
1078,-8,-56
1079,-13,-64
1080,-19,-63
1081,-25,-67
1082,-23,-58
1083,-27,-56
1084,-16,-50
1085,-16,-50
1086,-13,-48
1087,-17,-59
1088,-23,-59
1089,-29,-60
1090,-34,-56
1091,-30,-54
1092,-27,-49
1093,-18,-48
1094,-9,-53
1095,-8,-60
1096,-11,-69
1097,-16,-69
1098,-19,-71
1099,-20,-60
1100,-14,-64
1101,-11,-60
1102,-8,-55
1103,-6,-58
1104,-10,-64
1105,-17,-63
1106,-20,-66
1107,-18,-67
1108,-16,-58
1109,-16,-59
1110,-12,-59
1111,-9,-59
1112,-11,-60
1113,-14,-69
1114,-16,-69
1115,-24,-68
1116,-17,-69
1117,-13,-68
1118,-10,-66
1119,-4,-68
1120,-6,-68
1121,-12,-73
1122,-16,-72
1123,-18,-64
1124,-17,-62
1125,-15,-55
1126,-9,-52
1127,-2,-48
1128,-5,-52
1129,-5,-55
1130,-10,-62
1131,-16,-56
1132,-16,-54
1133,-16,-47
1134,-7,-47
1135,-8,-48
1136,-9,-42
1137,-6,-48
1138,-13,-53
1139,-13,-54
1140,-10,-59
1141,-15,-49
1142,-13,-45
1143,-1,-39
1144,-4,-46
1145,-4,-52
1146,-4,-53
1147,-11,-52
1148,-14,-51
1149,-12,-48
1150,-7,-44
1151,-7,-41
1152,0,-42
1153,-1,-41
1154,-5,-46
1155,-11,-49
1156,-11,-46
1157,-12,-46
1158,-7,-40
1159,-6,-41
1160,-2,-36
1161,-1,-41
1162,-3,-46
1163,-5,-52
1164,-6,-49
1165,-7,-48
1166,-10,-45
1167,-4,-35
1168,0,-38
1169,1,-42
1170,0,-48
1171,-8,-48
1172,-10,-52
1173,-11,-53
1174,-10,-49
1175,-6,-45
1176,0,-42
1177,1,-42
1178,2,-41
1179,1,-50
1180,-4,-57
1181,-10,-52
1182,-9,-50
1183,-8,-52
1184,-6,-46
1185,-2,-47
1186,0,-44
1187,-3,-47
1188,-7,-51
1189,-12,-50
1190,-15,-52
1191,-11,-56
1192,-5,-50
1193,-2,-44
1194,-6,-51
1195,0,-57
1196,-5,-61
1197,-15,-64
1198,-15,-63
1199,-9,-59
1200,-7,-54
1201,0,-55
1202,1,-52
1203,2,-50
1204,1,-53
1205,-2,-56
1206,-2,-49
1207,-9,-47
1208,-7,-38
1209,-1,-31
1210,0,-32
1211,3,-30
1212,0,-36
1213,-3,-35
1214,-8,-39
1215,-11,-35
1216,-8,-32
1217,-5,-27
1218,0,-27
1219,4,-25
1220,5,-27
1221,0,-27
1222,-6,-34
1223,-8,-33
1224,-6,-32
1225,-7,-27
1226,2,-24
1227,4,-21
1228,11,-28
1229,3,-33
1230,0,-35
1231,-3,-33
1232,-5,-33
1233,-2,-27
1234,2,-24
1235,6,-22
1236,5,-23
1237,4,-24
1238,2,-34
1239,-1,-34
1240,-5,-33
1241,-6,-31
1242,-3,-25
1243,3,-22
1244,5,-27
1245,5,-35
1246,-3,-37
1247,-6,-40
1248,-11,-38
1249,-9,-40
1250,-3,-32
1251,1,-32
1252,2,-35
1253,6,-38
1254,6,-43
1255,1,-47
1256,-2,-46
1257,-8,-45
1258,-5,-41
1259,0,-39
1260,1,-38
1261,5,-42
1262,0,-46
1263,0,-55
1264,-4,-55
1265,-6,-52
1266,-3,-45
1267,-1,-36
1268,4,-36
1269,9,-43
1270,5,-43
1271,1,-44
1272,-2,-49
1273,-4,-47
1274,-2,-41
1275,-2,-43
1276,6,-41
1277,10,-42
1278,17,-35
1279,26,-24
1280,26,-4
1281,39,42
1282,61,102
1283,84,168
1284,116,213
1285,134,221
1286,135,207
1287,110,178
1288,73,162
1289,26,151
1290,-8,155
1291,-44,151
1292,-68,154
1293,-89,149
1294,-102,141
1295,-125,124
1296,-143,100
1297,-158,80
1298,-153,53
1299,-140,33
1300,-121,17
1301,-97,8
1302,-88,-5
1303,-87,-16
1304,-86,-29
1305,-92,-42
1306,-89,-53
1307,-78,-64
1308,-64,-66
1309,-42,-66
1310,-29,-67
1311,-24,-69
1312,-24,-72
1313,-27,-79
1314,-31,-80
1315,-31,-82
1316,-30,-78
1317,-27,-74
1318,-21,-75
1319,-21,-79
1320,-20,-82
1321,-20,-84
1322,-30,-86
1323,-33,-85
1324,-31,-86
1325,-28,-83
1326,-22,-86
1327,-14,-88
1328,-21,-96
1329,-18,-93
1330,-24,-101
1331,-25,-97
1332,-26,-102
1333,-20,-94
1334,-16,-96
1335,-11,-101
1336,-12,-100
1337,-11,-106
1338,-15,-114
1339,-18,-118
1340,-17,-121
1341,-13,-118
1342,-16,-119
1343,-4,-115
1344,-4,-119
1345,0,-124
1346,-5,-130
1347,-7,-139
1348,-7,-140
1349,0,-137
1350,-1,-141
1351,11,-140
1352,11,-146
1353,12,-154
1354,13,-159
1355,15,-163
1356,14,-161
1357,22,-160
1358,23,-158
1359,31,-158
1360,36,-156
1361,40,-160
1362,43,-166
1363,46,-172
1364,47,-164
1365,51,-166
1366,59,-166
1367,67,-155
1368,76,-149
1369,87,-147
1370,93,-153
1371,92,-150
1372,93,-147
1373,99,-147
1374,102,-140
1375,110,-134
1376,114,-123
1377,123,-125
1378,130,-123
1379,129,-121
1380,122,-123
1381,117,-114
1382,112,-114
1383,118,-105
1384,115,-94
1385,119,-97
1386,118,-93
1387,104,-96
1388,87,-88
1389,78,-86
1390,71,-84
1391,62,-81
1392,61,-75
1393,60,-68
1394,57,-68
1395,50,-71
1396,45,-69
1397,32,-68
1398,28,-73
1399,22,-62
1400,19,-58
1401,19,-57
1402,23,-57
1403,15,-55
1404,9,-65
1405,7,-63
1406,3,-63
1407,1,-56
1408,0,-56
1409,2,-51
1410,9,-48
1411,9,-48
1412,6,-56
1413,1,-56
1414,1,-57
1415,-4,-54
1416,0,-44
1417,1,-47
1418,3,-43
1419,5,-43
1420,8,-47
1421,1,-48
1422,-1,-50
1423,-5,-47
1424,-6,-45
1425,-3,-39
1426,1,-38
1427,0,-39
1428,5,-41
1429,0,-43
1430,-3,-48
1431,-7,-49
1432,-10,-44
1433,-11,-41
1434,-5,-36
1435,0,-33
1436,2,-39
1437,2,-43
1438,-4,-49
1439,-8,-47
1440,-4,-50
1441,-5,-40
1442,-5,-40
1443,1,-38
1444,4,-39
1445,1,-41
1446,1,-45
1447,-5,-44
1448,-13,-47
1449,-8,-41
1450,-5,-35
1451,-2,-37
1452,0,-32
1453,3,-34
1454,0,-43
1455,-3,-43
1456,-8,-38
1457,-8,-46
1458,-10,-40
1459,-7,-30
1460,0,-34
1461,1,-36
1462,2,-36
1463,-4,-40
1464,-8,-46
1465,-11,-39
1466,-8,-36
1467,-6,-28
1468,-8,-28
1469,-1,-25
1470,-6,-32
1471,-12,-32
1472,-19,-35
1473,-19,-31
1474,-20,-26
1475,-21,-22
1476,-13,-21
1477,-15,-20
1478,-9,-23
1479,-8,-35
1480,-13,-33
1481,-13,-36
1482,-15,-38
1483,-16,-36
1484,-6,-29
1485,-8,-26
1486,-4,-30
1487,-6,-34
1488,-5,-38
1489,-13,-40
1490,-12,-37
1491,-9,-34
1492,0,-28
1493,0,-27
1494,1,-30
1495,1,-30
1496,-3,-35
1497,-9,-37
1498,-10,-35
1499,-7,-32
1500,-8,-30
1501,-6,-25
1502,-3,-26
1503,-1,-23
1504,-7,-31
1505,-9,-30
1506,-11,-31
1507,-12,-32
1508,-11,-31
1509,-5,-25
1510,0,-22
1511,0,-23
1512,-3,-31
1513,-6,-30
1514,-6,-30
1515,-9,-32
1516,-11,-27
1517,-3,-23
1518,0,-21
1519,2,-17
1520,0,-30
1521,-8,-32
1522,-6,-31
1523,-8,-28
1524,-6,-31
1525,-6,-22
1526,-2,-18
1527,0,-20
1528,0,-22
1529,-6,-29
1530,-10,-28
1531,-15,-26
1532,-8,-21
1533,-10,-26
1534,-6,-15
1535,-5,-15
1536,-1,-20
1537,-1,-24
1538,-6,-29
1539,-8,-29
1540,-7,-25
1541,-11,-24
1542,-4,-20
1543,0,-17
1544,3,-18
1545,4,-23
1546,1,-23
1547,-5,-32
1548,-9,-25
1549,-4,-25
1550,-4,-14
1551,-1,-17
1552,5,-17
1553,1,-18
1554,3,-23
1555,0,-23
1556,-8,-22
1557,-5,-20
1558,-10,-16
1559,-6,-12
1560,3,-16
1561,3,-16
1562,1,-19
1563,-5,-21
1564,-6,-26
1565,-9,-23
1566,-8,-19
1567,-3,-15
1568,1,-13
1569,0,-14
1570,6,-16
1571,2,-22
1572,-4,-28
1573,-5,-25
1574,-9,-21
1575,-5,-14
1576,2,-12
1577,1,-9
1578,5,-18
1579,-2,-20
1580,-1,-22
1581,-7,-23
1582,-10,-18
1583,-9,-13
1584,-4,-11
1585,1,-11
1586,2,-11
1587,0,-17
1588,0,-19
1589,-5,-19
1590,-5,-19
1591,-4,-13
1592,-2,-9
1593,0,-6
1594,2,-8
1595,0,-12
1596,-2,-18
1597,-6,-22
1598,-4,-21
1599,-5,-20
1600,-3,-12
1601,2,-10
1602,6,-12
1603,11,-10
1604,1,-17
1605,3,-19
1606,-3,-16
1607,-6,-14
1608,-7,-13
1609,-2,-10
1610,2,-9
1611,3,-8
1612,1,-13
1613,-4,-20
1614,-8,-19
1615,-8,-13
1616,-9,-12
1617,-2,-10
1618,5,-6
1619,6,-9
1620,-2,-9
1621,-1,-14
1622,-4,-13
1623,-5,-17
1624,-6,-14
1625,-2,-10
1626,0,-8
1627,6,-8
1628,7,-6
1629,0,-16
1630,-3,-19
1631,-4,-15
1632,-5,-20
1633,-6,-13
1634,-1,-5
1635,4,-2
1636,7,-6
1637,2,-14
1638,-2,-14
1639,-5,-21
1640,-6,-15
1641,-3,-13
1642,-3,-7
1643,3,-2
1644,9,-8
1645,7,-6
1646,5,-16
1647,-3,-18
1648,-2,-16
1649,-4,-14
1650,1,-11
1651,3,-5
1652,6,-10
1653,6,-9
1654,7,-16
1655,3,-16
1656,-4,-13
1657,-5,-10
1658,0,-5
1659,3,-3
1660,6,4
1661,11,-1
1662,9,-5
1663,6,-7
1664,-1,-4
1665,-6,-5
1666,-4,2
1667,0,4
1668,11,8
1669,19,20
1670,33,54
1671,55,108
1672,85,168
1673,120,231
1674,153,262
1675,168,256
1676,159,233
1677,134,214
1678,98,204
1679,55,199
1680,8,193
1681,-38,184
1682,-76,177
1683,-105,165
1684,-124,147
1685,-125,120
1686,-120,100
1687,-105,74
1688,-95,52
1689,-90,35
1690,-89,26
1691,-84,23
1692,-82,14
1693,-75,5
1694,-62,-8
1695,-57,-17
1696,-47,-30
1697,-43,-33
1698,-37,-32
1699,-30,-32
1700,-29,-32
1701,-23,-34
1702,-20,-33
1703,-17,-36
1704,-21,-45
1705,-20,-42
1706,-26,-44
1707,-24,-41
1708,-20,-39
1709,-16,-36
1710,-12,-35
1711,-15,-38
1712,-12,-45
1713,-16,-48
1714,-22,-50
1715,-20,-53
1716,-18,-48
1717,-19,-49
1718,-16,-47
1719,-8,-50
1720,-11,-51
1721,-15,-59
1722,-19,-64
1723,-15,-66
1724,-14,-62
1725,-8,-63
1726,-4,-64
1727,-1,-66
1728,0,-64
1729,0,-77
1730,-9,-79
1731,-6,-81
1732,-10,-84
1733,-2,-90
1734,0,-84
1735,2,-91
1736,5,-93
1737,14,-97
1738,11,-106
1739,8,-106
1740,11,-110
1741,12,-109
1742,14,-107
1743,25,-104
1744,29,-112
1745,34,-113
1746,32,-122
1747,35,-122
1748,33,-124
1749,41,-125
1750,48,-123
1751,58,-114
1752,68,-112
1753,72,-124
1754,71,-124
1755,72,-125
1756,72,-116
1757,79,-121
1758,82,-109
1759,93,-106
1760,106,-100
1761,109,-97
1762,113,-95
1763,113,-91
1764,114,-93
1765,116,-95
1766,119,-84
1767,123,-78
1768,132,-69
1769,130,-68
1770,133,-65
1771,130,-64
1772,123,-67
1773,110,-61
1774,110,-52
1775,102,-47
1776,100,-39
1777,98,-38
1778,94,-35
1779,86,-38
1780,79,-39
1781,71,-39
1782,62,-36
1783,58,-27
1784,51,-19
1785,50,-24
1786,46,-19
1787,39,-22
1788,36,-23
1789,23,-21
1790,21,-20
1791,17,-16
1792,15,-9
1793,20,-8
1794,22,-8
1795,19,-9
1796,12,-13
1797,4,-13
1798,0,-12
1799,2,-11
1800,6,-1
1801,5,-2
1802,10,2
1803,10,-2
1804,5,-5
1805,2,-9
1806,-2,-12
1807,0,-6
1808,-5,-2
1809,2,5
1810,6,7
1811,10,9
1812,2,-1
1813,2,-4
1814,-6,0
1815,-6,2
1816,-9,7
1817,-5,9
1818,0,10
1819,2,14
1820,0,7
1821,-4,6
1822,-6,2
1823,-14,4
1824,-13,7
1825,-12,11
1826,-3,11
1827,0,12
1828,-3,13
1829,-3,6
1830,-5,1
1831,-9,5
1832,-7,0
1833,-8,9
1834,-3,14
1835,0,15
1836,-1,10
1837,0,8
1838,-6,3
1839,-11,6
1840,-12,6
1841,-11,17
1842,-10,16
1843,-8,21
1844,-3,18
1845,-2,19
1846,-2,13
1847,-4,8
1848,-13,8
1849,-12,10
1850,-9,14
1851,-6,18
1852,-4,17
1853,-2,14
1854,-7,12
1855,-7,6
1856,-9,7
1857,-10,7
1858,-10,16
1859,-5,19
1860,0,23
1861,-3,15
1862,-1,17
1863,-12,13
1864,-13,16
1865,-19,15
1866,-21,21
1867,-16,25
1868,-14,32
1869,-13,29
1870,-14,23
1871,-14,20
1872,-18,18
1873,-16,18
1874,-15,20
1875,-10,22
1876,-6,26
1877,-6,22
1878,-1,19
1879,-9,12
1880,-11,15
1881,-10,13
1882,-15,12
1883,-8,12
1884,-8,18
1885,-1,23
1886,-1,20
1887,-3,16
1888,-4,11
1889,-16,12
1890,-13,14
1891,-12,18
1892,-9,27
1893,-4,27
1894,-2,30
1895,-4,20
1896,-9,18
1897,-14,13
1898,-15,19
1899,-12,18
1900,-10,23
1901,-6,24
1902,-1,25
1903,-7,24
1904,-8,22
1905,-10,15
1906,-15,17
1907,-13,19
1908,-15,25
1909,-10,25
1910,-2,27
1911,1,26
1912,-3,25
1913,-10,22
1914,-10,21
1915,-14,26
1916,-10,27
1917,-6,27
1918,-4,34
1919,1,31
1920,-4,33
1921,-9,24
1922,-8,21
1923,-13,24
1924,-15,27
1925,-10,32
1926,-7,38
1927,2,29
1928,-4,32
1929,-9,28
1930,-10,25
1931,-13,28
1932,-19,27
1933,-15,31
1934,-8,36
1935,-5,34
1936,-1,32
1937,-3,28
1938,-6,27
1939,-10,24
1940,-10,23
1941,-15,26
1942,-8,34
1943,-4,41
1944,-1,33
1945,0,35
1946,-1,28
1947,-7,31
1948,-8,29
1949,-8,30
1950,-7,39
1951,-1,40
1952,1,37
1953,-1,38
1954,-2,33
1955,-9,36
1956,-8,28
1957,-9,32
1958,-9,35
1959,-6,43
1960,1,35
1961,3,38
1962,4,31
1963,0,31
1964,-8,31
1965,-7,31
1966,-9,36
1967,-6,39
1968,0,41
1969,2,40
1970,-1,36
1971,-3,37
1972,-11,32
1973,-11,33
1974,-14,39
1975,-10,45
1976,-4,46
1977,0,47
1978,0,47
1979,-1,37
1980,-7,36
1981,-13,33
1982,-18,35
1983,-8,45
1984,-4,43
1985,0,42
1986,0,44
1987,-2,40
1988,-3,35
1989,-9,38
1990,-7,38
1991,-10,41
1992,-5,43
1993,-1,47
1994,2,48
1995,3,41
1996,-4,41
1997,-6,38
1998,-9,40
1999,-13,40
2000,-10,45
2001,-3,43
2002,0,51
2003,2,48
2004,-1,40
2005,-5,38
2006,-9,41
2007,-11,41
2008,-6,48
2009,-4,48
2010,-2,45
2011,0,45
2012,0,48
2013,-3,38
2014,-8,37
2015,-9,38
2016,-8,41
2017,-3,48
2018,2,51
2019,3,50
2020,-2,45
2021,-2,37
2022,-7,37
2023,-11,41
2024,-10,40
2025,-9,44
2026,0,48
2027,-2,51
2028,-1,47
2029,0,44
2030,-3,36
2031,-3,43
2032,-7,45
2033,-7,49
2034,-7,49
2035,0,52
2036,-1,51
2037,0,42
2038,-1,38
2039,-3,41
2040,-6,43
2041,-5,42
2042,-2,46
2043,5,48
2044,6,47
2045,7,49
2046,3,38
2047,-1,39
2048,-4,42
2049,-5,43
2050,-3,46
2051,0,52
2052,5,51
2053,6,46
2054,2,48
2055,0,48
2056,-12,49
2057,-8,47
2058,-6,52
2059,-7,54
2060,5,57
2061,7,58
2062,10,55
2063,13,69
2064,24,100
2065,35,142
2066,53,196
2067,82,245
2068,114,288
2069,138,319
2070,153,316
2071,145,301
2072,125,280
2073,95,265
2074,57,258
2075,17,258
2076,-19,254
2077,-46,260
2078,-75,252
2079,-102,242
2080,-124,234
2081,-142,223
2082,-155,211
2083,-162,197
2084,-155,175
2085,-140,147
2086,-119,127
2087,-101,100
2088,-90,77
2089,-87,60
2090,-83,49
2091,-81,44
2092,-73,39
2093,-56,37
2094,-46,35
2095,-34,22
2096,-28,16
2097,-29,12
2098,-33,9
2099,-29,14
2100,-26,15
2101,-25,17
2102,-23,16
2103,-16,11
2104,-22,9
2105,-24,7
2106,-28,6
2107,-28,10
2108,-26,7
2109,-28,12
2110,-22,11
2111,-18,11
2112,-21,4
2113,-22,6
2114,-29,-7
2115,-26,-8
2116,-29,-7
2117,-26,0
2118,-16,3
2119,-16,0
2120,-14,-6
2121,-17,-10
2122,-21,-16
2123,-22,-18
2124,-21,-24
2125,-18,-15
2126,-11,-18
2127,-10,-23
2128,-7,-27
2129,-5,-34
2130,-9,-38
2131,-7,-43
2132,-10,-39
2133,-5,-41
2134,0,-38
2135,5,-47
2136,9,-42
2137,7,-52
2138,9,-59
2139,3,-61
2140,7,-64
2141,16,-67
2142,18,-62
2143,30,-64
2144,31,-61
2145,37,-67
2146,35,-68
2147,37,-77
2148,40,-73
2149,42,-72
2150,50,-68
2151,64,-63
2152,72,-60
2153,79,-65
2154,84,-66
2155,89,-68
2156,90,-68
2157,94,-56
2158,100,-46
2159,108,-41
2160,120,-41
2161,122,-40
2162,122,-36
2163,125,-37
2164,122,-35
2165,128,-28
2166,122,-23
2167,125,-12
2168,127,-12
2169,132,-7
2170,123,-8
2171,120,-2
2172,107,-6
2173,98,0
2174,94,0
2175,86,11
2176,87,20
2177,81,17
2178,80,18
2179,66,17
2180,56,15
2181,47,13
2182,43,18
2183,37,26
2184,38,28
2185,40,32
2186,34,30
2187,27,27
2188,21,30
2189,10,26
2190,11,33
2191,7,40
2192,4,39
2193,11,43
2194,15,42
2195,7,40
2196,4,36
2197,1,36
2198,-1,42
2199,-4,42
2200,-1,48
2201,3,49
2202,8,53
2203,6,53
2204,6,44
2205,6,42
2206,-1,43
2207,-2,43
2208,0,49
2209,1,49
2210,6,60
2211,5,59
2212,6,53
2213,0,45
2214,-6,47
2215,-5,50
2216,-4,54
2217,-1,62
2218,1,56
2219,3,61
2220,4,52
2221,-2,45
2222,-6,47
2223,-9,50
2224,-6,51
2225,-3,54
2226,-5,59
2227,3,59
2228,3,59
2229,4,52
2230,-1,53
2231,-5,49
2232,-8,50
2233,-9,52
2234,-5,61
2235,-2,63
2236,-3,61
2237,0,54
2238,-2,46
2239,-8,51
2240,-7,51
2241,-8,57
2242,-4,60
2243,1,61
2244,2,58
2245,-5,57
2246,0,55
2247,-6,53
2248,-12,51
2249,-8,60
2250,-6,61
2251,-7,63
2252,-2,65
2253,-7,66
2254,-10,58
2255,-13,55
2256,-16,54
2257,-19,57
2258,-17,60
2259,-16,67
2260,-12,69
2261,-15,71
2262,-12,61
2263,-11,61
2264,-13,54
2265,-13,56
2266,-14,57
2267,-6,64
2268,-10,61
2269,-1,62
2270,-4,56
2271,-2,54
2272,-8,51
2273,-10,51
2274,-13,56
2275,-10,58
2276,-5,62
2277,-2,60
2278,-3,58
2279,-7,54
2280,-8,48
2281,-10,47
2282,-10,47
2283,-7,56
2284,-7,60
2285,-2,65
2286,0,59
2287,-1,53
2288,-6,51
2289,-10,48
2290,-13,51
2291,-10,57
2292,-10,63
2293,1,63
2294,-3,65
2295,0,55
2296,-2,51
2297,-7,47
2298,-12,49
2299,-7,51
2300,-7,63
2301,-1,61
2302,4,61
2303,1,55
2304,-2,54
2305,-9,52
2306,-8,50
2307,-5,53
2308,-14,57
2309,-6,59
2310,0,62
2311,3,61
2312,1,61
2313,-5,56
2314,-4,56
2315,-6,54
2316,-7,55
2317,-4,61
2318,-1,66
2319,1,66
2320,0,61
2321,-4,54
2322,-6,56
2323,-13,58
2324,-8,57
2325,-10,66
2326,-2,69
2327,0,62
2328,5,63
2329,0,57
2330,-4,56
2331,-8,54
2332,-13,63
2333,-8,60
2334,-5,69
2335,3,67
2336,3,65
2337,6,62
2338,-3,55
2339,-5,58
2340,-5,58
2341,-6,63
2342,-3,64
2343,0,69
2344,6,69
2345,2,68
2346,0,60
2347,-1,56
2348,-5,61
2349,-7,63
2350,-2,67
2351,-2,73
2352,4,73
2353,5,66
2354,1,65
2355,-4,58
2356,-7,60
2357,-4,59
2358,-4,65
2359,-3,73
2360,0,68
2361,6,66
2362,6,62
2363,1,58
2364,-2,63
2365,-8,57
2366,-3,64
2367,-4,67
2368,5,69
2369,2,66
2370,7,69
2371,3,64
2372,-2,57
2373,-9,60
2374,-4,63
2375,-5,70
2376,1,70
2377,2,73
2378,7,70
2379,3,64
2380,-1,62
2381,-6,63
2382,-3,64
2383,-5,70
2384,-2,69
2385,3,71
2386,2,71
2387,1,61
2388,-1,60
2389,-2,59
2390,-1,64
2391,-6,62
2392,1,66
2393,7,68
2394,5,71
2395,2,72
2396,2,61
2397,-3,61
2398,-5,58
2399,-2,61
2400,-3,70
2401,1,73
2402,5,73
2403,7,73
2404,4,69
2405,1,61
2406,-4,63
2407,-4,62
2408,-5,69
2409,0,75
2410,6,72
2411,6,72
2412,6,68
2413,-1,60
2414,0,59
2415,-3,59
2416,-3,70
2417,-3,67
2418,3,75
2419,6,71
2420,4,69
2421,1,66
2422,0,61
2423,-4,62
2424,-9,65
2425,-6,73
2426,0,72
2427,10,74
2428,7,72
2429,4,67
2430,1,67
2431,-3,69
2432,-1,69
2433,-1,69
2434,4,72
2435,5,77
2436,8,75
2437,7,70
2438,1,69
2439,-1,62
2440,-5,65
2441,-1,73
2442,1,77
2443,9,74
2444,9,76
2445,8,71
2446,2,74
2447,-2,70
2448,-1,63
2449,0,65
2450,2,67
2451,13,81
2452,19,97
2453,34,123
2454,44,163
2455,56,212
2456,88,278
2457,119,322
2458,148,339
2459,155,337
2460,142,321
2461,108,300
2462,66,286
2463,13,280
2464,-37,279
2465,-72,281
2466,-108,278
2467,-135,276
2468,-154,268
2469,-170,254
2470,-186,227
2471,-183,196
2472,-175,169
2473,-158,153
2474,-135,134
2475,-118,126
2476,-99,114
2477,-86,102
2478,-81,95
2479,-85,86
2480,-90,71
2481,-86,63
2482,-74,53
2483,-50,51
2484,-33,49
2485,-15,46
2486,-11,43
2487,-13,36
2488,-12,35
2489,-21,32
2490,-22,30
2491,-22,28
2492,-15,32
2493,-11,32
2494,-4,38
2495,-3,28
2496,-8,27
2497,-11,23
2498,-7,17
2499,-12,23
2500,-8,25
2501,-8,26
2502,0,21
2503,0,23
2504,-1,13
2505,-6,11
2506,-13,14
2507,-11,10
2508,-6,15
2509,0,13
2510,3,15
2511,-1,9
2512,2,2
2513,3,-3
2514,0,-13
2515,0,-11
2516,-2,-10
2517,4,-7
2518,10,-9
2519,16,-16
2520,19,-26
2521,20,-31
2522,17,-38
2523,20,-35
2524,21,-41
2525,29,-32
2526,35,-35
2527,37,-40
2528,45,-45
2529,46,-46
2530,44,-55
2531,42,-57
2532,47,-52
2533,56,-47
2534,66,-43
2535,74,-46
2536,79,-46
2537,83,-52
2538,87,-51
2539,87,-52
2540,85,-49
2541,86,-42
2542,99,-42
2543,115,-37
2544,123,-35
2545,131,-32
2546,129,-35
2547,134,-33
2548,135,-32
2549,143,-26
2550,142,-16
2551,147,-9
2552,151,-1
2553,149,-7
2554,148,-6
2555,142,-9
2556,132,-1
2557,132,4
2558,131,12
2559,121,27
2560,127,19
2561,122,23
2562,118,23
2563,105,18
2564,90,22
2565,86,22
2566,72,25
2567,73,34
2568,74,37
2569,68,37
2570,68,37
2571,60,35
2572,52,33
2573,48,33
2574,39,37
2575,36,44
2576,33,46
2577,39,47
2578,40,46
2579,38,45
2580,33,39
2581,27,37
2582,22,42
2583,22,46
2584,23,51
2585,27,56
2586,28,55
2587,26,53
2588,25,46
2589,22,51
2590,17,48
2591,19,51
2592,16,53
2593,21,55
2594,23,62
2595,28,58
2596,22,55
2597,18,55
2598,14,50
2599,10,54
2600,14,53
2601,18,63
2602,19,65
2603,20,63
2604,17,63
2605,15,53
2606,9,56
2607,8,54
2608,7,63
2609,12,64
2610,21,67
2611,24,66
2612,24,62
2613,21,61
2614,20,58
2615,11,56
2616,19,59
2617,17,58
2618,20,65
2619,30,69
2620,33,62
2621,31,54
2622,27,56
2623,24,57
2624,20,58
2625,28,57
2626,31,59
2627,36,60
2628,37,68
2629,36,62
2630,31,62
2631,26,60
2632,24,59
2633,22,64
2634,24,63
2635,30,70
2636,30,70
2637,35,64
2638,33,59
2639,25,60
2640,20,62
2641,22,63
2642,19,70
2643,23,73
2644,24,77
2645,23,74
2646,19,75
2647,19,62
2648,9,64
2649,11,68
2650,9,69
2651,14,69
2652,21,71
2653,30,68
2654,35,65
2655,33,65
2656,30,57
2657,28,54
2658,32,54
2659,30,62
2660,40,64
2661,38,65
2662,50,64
2663,40,55
2664,38,54
2665,39,51
2666,31,54
2667,35,58
2668,40,62
2669,43,63
2670,47,64
2671,40,60
2672,38,54
2673,35,51
2674,33,55
2675,35,58
2676,39,62
2677,47,62
2678,47,62
2679,47,58
2680,41,56
2681,40,51
2682,40,54
2683,39,59
2684,40,65
2685,43,63
2686,47,71
2687,45,67
2688,43,59
2689,39,60
2690,33,61
2691,28,57
2692,24,65
2693,34,69
2694,42,68
2695,52,68
2696,58,58
2697,53,57
2698,48,59
2699,42,58
2700,46,61
2701,53,63
2702,59,64
2703,55,60
2704,58,60
2705,58,51
2706,53,52
2707,46,58
2708,50,61
2709,52,63
2710,58,67
2711,61,68
2712,61,67
2713,60,60
2714,54,61
2715,50,62
2716,54,61
2717,58,64
2718,61,70
2719,62,72
2720,64,69
2721,65,63
2722,63,61
2723,54,60
2724,54,64
2725,57,65
2726,59,74
2727,66,72
2728,68,71
2729,68,65
2730,60,61
2731,58,60
2732,54,60
2733,54,68
2734,61,73
2735,62,73
2736,64,71
2737,64,74
2738,58,69
2739,54,64
2740,56,70
2741,53,68
2742,57,72
2743,63,71
2744,64,72
2745,63,72
2746,59,74
2747,61,63
2748,61,60
2749,64,64
2750,63,71
2751,66,71
2752,70,68
2753,72,73
2754,74,66
2755,69,59
2756,67,59
2757,62,59
2758,63,63
2759,60,70
2760,66,68
2761,71,64
2762,75,66
2763,76,62
2764,71,59
2765,67,63
2766,75,63
2767,76,68
2768,82,66
2769,79,69
2770,84,72
2771,83,65
2772,82,62
2773,78,63
2774,76,65
2775,77,68
2776,81,72
2777,83,74
2778,91,72
2779,86,70
2780,85,64
2781,84,63
2782,83,62
2783,82,64
2784,88,70
2785,93,73
2786,94,76
2787,95,74
2788,90,69
2789,88,66
2790,85,66
2791,81,73
2792,89,74
2793,91,74
2794,91,80
2795,91,77
2796,90,75
2797,87,68
2798,80,71
2799,80,69
2800,87,73
2801,87,75
2802,92,77
2803,90,81
2804,93,78
2805,92,73
2806,87,70
2807,85,70
2808,89,75
2809,88,76
2810,89,82
2811,91,79
2812,91,77
2813,90,74
2814,88,70
2815,86,73
2816,85,75
2817,85,81
2818,87,81
2819,90,82
2820,91,82
2821,90,77
2822,89,71
2823,86,73
2824,87,70
2825,85,78
2826,87,82
2827,90,82
2828,95,79
2829,97,71
2830,92,73
2831,91,72
2832,90,78
2833,91,78
2834,91,75
2835,95,78
2836,103,82
2837,107,75
2838,99,73
2839,99,71
2840,96,73
2841,93,71
2842,94,72
2843,103,79
2844,112,81
2845,119,94
2846,126,105
2847,135,142
2848,144,190
2849,168,247
2850,205,304
2851,234,341
2852,252,343
2853,255,327
2854,231,308
2855,194,286
2856,150,282
2857,107,278
2858,76,274
2859,55,276
2860,30,275
2861,10,264
2862,-9,248
2863,-29,220
2864,-32,193
2865,-34,162
2866,-11,141
2867,5,131
2868,24,125
2869,36,114
2870,42,99
2871,36,85
2872,30,68
2873,31,56
2874,35,55
2875,50,57
2876,67,55
2877,77,53
2878,85,53
2879,85,40
2880,85,38
2881,79,35
2882,77,34
2883,73,36
2884,74,38
2885,84,38
2886,90,39
2887,94,35
2888,91,26
2889,89,24
2890,86,22
2891,79,25
2892,87,29
2893,88,27
2894,93,32
2895,95,28
2896,94,24
2897,91,17
2898,88,19
2899,86,16
2900,84,17
2901,91,22
2902,92,20
2903,93,22
2904,95,15
2905,89,4
2906,90,4
2907,93,2
2908,95,3
2909,99,3
2910,101,2
2911,109,-2
2912,103,-9
2913,105,-19
2914,107,-22
2915,106,-30
2916,109,-32
2917,113,-27
2918,119,-27
2919,122,-30
2920,130,-34
2921,131,-41
2922,127,-46
2923,124,-47
2924,133,-48
2925,134,-44
2926,144,-44
2927,153,-45
2928,159,-43
2929,161,-45
2930,167,-49
2931,167,-50
2932,171,-46
2933,172,-43
2934,181,-35
2935,190,-32
2936,196,-30
2937,203,-32
2938,205,-33
2939,208,-27
2940,206,-31
2941,210,-20
2942,215,-13
2943,223,-6
2944,229,-5
2945,233,-1
2946,234,1
2947,231,-5
2948,226,-1
2949,219,7
2950,217,13
2951,215,26
2952,216,29
2953,215,32
2954,209,32
2955,198,25
2956,188,26
2957,180,36
2958,173,35
2959,168,47
2960,164,50
2961,157,46
2962,155,50
2963,143,41
2964,141,40
2965,133,45
2966,131,46
2967,131,48
2968,130,53
2969,135,56
2970,134,56
2971,127,53
2972,123,52
2973,115,47
2974,111,51
2975,110,55
2976,111,62
2977,120,63
2978,122,63
2979,121,60
2980,117,57
2981,116,53
2982,108,54
2983,109,57
2984,109,63
2985,108,70
2986,115,70
2987,116,64
2988,115,63
2989,108,59
2990,101,61
2991,106,63
2992,106,65
2993,111,69
2994,115,70
2995,115,71
2996,111,63
2997,109,62
2998,101,58
2999,97,65
3000,100,65
3001,105,71
3002,108,72
3003,112,74
3004,112,69
3005,105,66
3006,102,62
3007,101,67
3008,101,66
3009,97,74
3010,103,77
3011,103,74
3012,103,76
3013,105,69
3014,103,65
3015,99,68
3016,100,63
3017,100,71
3018,100,77
3019,105,78
3020,108,75
3021,105,72
3022,103,70
3023,101,71
3024,95,68
3025,93,71
3026,98,77
3027,102,76
3028,108,74
3029,100,75
3030,97,72
3031,96,69
3032,97,68
3033,97,69
3034,100,74
3035,99,81
3036,106,82
3037,107,81
3038,100,75
3039,92,75
3040,90,74
3041,85,76
3042,88,78
3043,89,85
3044,96,81
3045,99,85
3046,95,79
3047,97,75
3048,94,71
3049,92,69
3050,97,78
3051,100,76
3052,103,76
3053,105,75
3054,103,71
3055,99,70
3056,97,66
3057,95,66
3058,93,69
3059,95,71
3060,99,75
3061,102,72
3062,103,72
3063,102,68
3064,96,60
3065,95,61
3066,91,62
3067,96,67
3068,100,69
3069,102,71
3070,106,70
3071,103,60
3072,98,57
3073,96,62
3074,95,61
3075,92,63
3076,94,75
3077,100,70
3078,104,69
3079,102,66
3080,99,60
3081,95,58
3082,92,59
3083,93,60
3084,91,70
3085,97,66
3086,101,70
3087,98,66
3088,98,62
3089,96,62
3090,87,58
3091,87,57
3092,92,65
3093,99,67
3094,99,64
3095,99,67
3096,100,60
3097,97,57
3098,96,59
3099,89,53
3100,94,56
3101,96,69
3102,101,74
3103,103,69
3104,100,65
3105,98,58
3106,88,61
3107,89,62
3108,91,66
3109,94,71
3110,100,70
3111,102,71
3112,101,67
3113,97,62
3114,94,61
3115,89,63
3116,89,57
3117,91,64
3118,99,67
3119,105,69
3120,104,68
3121,102,62
3122,96,57
3123,94,55
3124,90,59
3125,91,63
3126,96,70
3127,96,71
3128,101,64
3129,102,61
3130,94,59
3131,86,58
3132,84,60
3133,89,65
3134,89,70
3135,92,69
3136,94,66
3137,96,63
3138,94,65
3139,85,62
3140,86,56
3141,83,57
3142,86,63
3143,89,63
3144,94,67
3145,97,62
3146,94,60
3147,86,57
3148,86,57
3149,88,57
3150,85,61
3151,87,68
3152,91,64
3153,92,66
3154,91,62
3155,92,56
3156,80,52
3157,83,52
3158,79,55
3159,86,61
3160,90,68
3161,93,64
3162,86,65
3163,87,59
3164,83,56
3165,79,54
3166,78,58
3167,78,59
3168,87,62
3169,88,60
3170,90,60
3171,94,54
3172,84,52
3173,80,50
3174,75,54
3175,76,57
3176,83,61
3177,87,63
3178,89,65
3179,86,55
3180,85,51
3181,74,46
3182,73,49
3183,77,54
3184,79,57
3185,82,63
3186,87,58
3187,88,58
3188,84,49
3189,77,47
3190,75,46
3191,73,46
3192,75,56
3193,76,60
3194,82,54
3195,82,54
3196,83,53
3197,80,44
3198,74,50
3199,70,49
3200,71,52
3201,78,59
3202,84,62
3203,84,55
3204,82,52
3205,77,50
3206,71,49
3207,69,51
3208,71,52
3209,70,61
3210,77,61
3211,81,61
3212,83,57
3213,80,54
3214,71,49
3215,68,52
3216,67,49
3217,67,55
3218,74,58
3219,78,55
3220,75,51
3221,73,50
3222,72,43
3223,67,50
3224,67,48
3225,63,53
3226,68,58
3227,73,62
3228,75,59
3229,75,59
3230,72,46
3231,68,46
3232,68,43
3233,68,47
3234,80,68
3235,91,88
3236,102,121
3237,119,167
3238,139,233
3239,159,284
3240,184,317
3241,196,316
3242,191,302
3243,176,290
3244,143,269
3245,103,270
3246,61,259
3247,20,249
3248,-10,252
3249,-29,248
3250,-47,243
3251,-66,226
3252,-81,211
3253,-89,183
3254,-84,143
3255,-69,119
3256,-57,96
3257,-41,79
3258,-26,71
3259,-23,61
3260,-22,63
3261,-14,54
3262,-8,37
3263,3,31
3264,16,22
3265,22,18
3266,28,17
3267,27,21
3268,32,22
3269,35,20
3270,36,16
3271,39,14
3272,34,1
3273,34,4
3274,34,1
3275,37,5
3276,39,8
3277,41,10
3278,50,8
3279,43,4
3280,39,-5
3281,39,-8
3282,33,-7
3283,29,-7
3284,29,0
3285,37,1
3286,41,0
3287,40,-6
3288,38,-10
3289,37,-18
3290,30,-13
3291,29,-20
3292,29,-19
3293,34,-15
3294,39,-19
3295,41,-21
3296,43,-32
3297,37,-39
3298,35,-43
3299,32,-43
3300,39,-41
3301,44,-44
3302,51,-45
3303,58,-54
3304,55,-58
3305,54,-68
3306,50,-70
3307,53,-69
3308,56,-69
3309,61,-68
3310,70,-69
3311,73,-71
3312,77,-73
3313,76,-79
3314,78,-87
3315,81,-86
3316,83,-84
3317,88,-77
3318,96,-77
3319,107,-77
3320,113,-70
3321,113,-74
3322,117,-78
3323,111,-80
3324,117,-74
3325,125,-66
3326,136,-62
3327,142,-57
3328,149,-53
3329,155,-53
3330,150,-50
3331,154,-50
3332,153,-41
3333,156,-40
3334,156,-30
3335,161,-23
3336,164,-20
3337,164,-20
3338,157,-20
3339,147,-20
3340,140,-10
3341,132,-7
3342,125,-3
3343,121,5
3344,123,8
3345,119,8
3346,112,9
3347,100,3
3348,90,3
3349,83,3
3350,80,7
3351,78,12
3352,73,17
3353,76,21
3354,66,14
3355,60,11
3356,57,12
3357,50,16
3358,51,19
3359,46,23
3360,49,26
3361,47,28
3362,49,25
3363,40,19
3364,35,15
3365,27,24
3366,29,22
3367,30,27
3368,38,33
3369,33,34
3370,36,28
3371,31,28
3372,29,29
3373,23,23
3374,25,27
3375,21,27
3376,22,38
3377,27,34
3378,31,35
3379,31,31
3380,26,26
3381,24,24
3382,19,25
3383,19,31
3384,24,35
3385,23,39
3386,27,37
3387,26,32
3388,18,30
3389,12,29
3390,10,28
3391,10,31
3392,13,35
3393,16,44
3394,16,39
3395,16,40
3396,18,32
3397,13,34
3398,9,32
3399,4,28
3400,8,35
3401,6,35
3402,11,38
3403,15,40
3404,12,35
3405,11,24
3406,11,27
3407,10,25
3408,11,30
3409,9,33
3410,13,34
3411,15,35
3412,11,34
3413,6,27
3414,8,25
3415,1,27
3416,2,29
3417,1,37
3418,5,41
3419,9,36
3420,9,36
3421,10,34
3422,0,31
3423,-4,29
3424,-6,37
3425,-8,41
3426,-10,43
3427,-7,47
3428,-3,45
3429,-3,38
3430,-10,36
3431,-12,35
3432,-11,32
3433,-5,31
3434,-3,40
3435,2,39
3436,3,37
3437,3,33
3438,-1,26
3439,-8,20
3440,-13,26
3441,-11,28
3442,-8,30
3443,-4,38
3444,-4,37
3445,5,32
3446,0,33
3447,-7,28
3448,-11,25
3449,-13,26
3450,-14,30
3451,-14,31
3452,-5,33
3453,-5,27
3454,-8,28
3455,-16,21
3456,-15,24
3457,-14,21
3458,-12,21
3459,-15,24
3460,-4,32
3461,-6,28
3462,-4,25
3463,-9,21
3464,-13,19
3465,-20,22
3466,-19,20
3467,-18,25
3468,-11,26
3469,-9,31
3470,-9,34
3471,-13,26
3472,-15,21
3473,-17,19
3474,-24,18
3475,-24,29
3476,-19,29
3477,-20,28
3478,-12,25
3479,-10,20
3480,-16,22
3481,-21,18
3482,-23,16
3483,-22,25
3484,-21,28
3485,-17,26
3486,-17,26
3487,-10,23
3488,-15,21
3489,-20,22
3490,-27,18
3491,-25,20
3492,-25,24
3493,-19,27
3494,-16,32
3495,-18,31
3496,-17,22
3497,-22,17
3498,-24,18
3499,-27,18
3500,-26,26
3501,-22,34
3502,-23,26
3503,-16,27
3504,-16,21
3505,-22,20
3506,-26,15
3507,-32,22
3508,-29,23
3509,-31,26
3510,-26,29
3511,-21,27
3512,-21,23
3513,-17,17
3514,-25,16
3515,-31,19
3516,-27,22
3517,-30,23
3518,-26,28
3519,-22,27
3520,-22,25
3521,-25,24
3522,-25,19
3523,-34,19
3524,-34,23
3525,-34,27
3526,-29,30
3527,-26,32
3528,-27,33
3529,-25,29
3530,-29,26
3531,-31,23
3532,-33,21
3533,-35,25
3534,-32,29
3535,-33,29
3536,-30,31
3537,-31,24
3538,-35,25
3539,-36,20
3540,-35,20
3541,-41,21
3542,-37,26
3543,-34,23
3544,-26,30
3545,-28,28
3546,-31,20
3547,-35,22
3548,-37,18
3549,-35,13
3550,-38,27
3551,-35,28
3552,-32,30
3553,-32,31
3554,-30,24
3555,-31,18
3556,-34,18
3557,-38,15
3558,-40,23
3559,-38,27
3560,-37,28
3561,-32,24
3562,-35,25
3563,-36,26
3564,-42,15
3565,-44,19
3566,-46,24
3567,-41,25
3568,-35,26
3569,-32,26
3570,-29,24
3571,-28,19
3572,-33,19
3573,-41,16
3574,-44,14
3575,-41,20
3576,-36,23
3577,-28,25
3578,-32,27
3579,-34,21
3580,-36,17
3581,-41,10
3582,-43,15
3583,-42,17
3584,-43,19
3585,-34,26
3586,-32,25
3587,-37,18
3588,-39,19
3589,-42,13
3590,-49,13
3591,-47,17
3592,-48,16
3593,-42,24
3594,-37,22
3595,-39,20
3596,-35,13
3597,-42,10
3598,-46,10
3599,-49,9
3600,-51,11
3601,-42,18
3602,-40,19
3603,-36,17
3604,-40,14
3605,-46,10
3606,-48,9
3607,-45,13
3608,-48,11
3609,-50,21
3610,-43,21
3611,-41,21
3612,-40,22
3613,-41,14
3614,-51,12
3615,-50,9
3616,-52,12
3617,-54,20
3618,-51,25
3619,-47,25
3620,-40,20
3621,-41,21
3622,-30,37
3623,-23,66
3624,-10,118
3625,14,189
3626,45,253
3627,81,291
3628,97,292
3629,92,275
3630,68,253
3631,31,236
3632,-16,227
3633,-71,223
3634,-122,227
3635,-169,227
3636,-203,214
3637,-234,199
3638,-255,179
3639,-261,148
3640,-253,125
3641,-231,103
3642,-208,91
3643,-180,79
3644,-162,61
3645,-147,42
3646,-146,24
3647,-138,7
3648,-131,-2
3649,-117,-7
3650,-103,-5
3651,-90,-9
3652,-74,-14
3653,-71,-13
3654,-70,-21
3655,-74,-28
3656,-78,-28
3657,-83,-29
3658,-79,-31
3659,-81,-24
3660,-70,-25
3661,-69,-27
3662,-69,-28
3663,-70,-29
3664,-74,-38
3665,-77,-40
3666,-80,-41
3667,-77,-37
3668,-73,-36
3669,-64,-36
3670,-64,-41
3671,-69,-43
3672,-72,-46
3673,-73,-58
3674,-76,-49
3675,-73,-57
3676,-69,-50
3677,-67,-47
3678,-66,-53
3679,-59,-59
3680,-58,-64
3681,-66,-72
3682,-68,-69
3683,-66,-70
3684,-64,-72
3685,-59,-72
3686,-54,-74
3687,-53,-75
3688,-51,-78
3689,-57,-89
3690,-58,-98
3691,-53,-95
3692,-49,-95
3693,-42,-96
3694,-41,-100
3695,-37,-100
3696,-31,-111
3697,-30,-117
3698,-26,-119
3699,-23,-120
3700,-20,-115
3701,-8,-111
3702,-2,-108
3703,6,-112
3704,7,-116
3705,12,-117
3706,12,-116
3707,15,-115
3708,23,-107
3709,33,-103
3710,37,-99
3711,45,-97
3712,49,-94
3713,52,-93
3714,50,-96
3715,49,-88
3716,53,-88
3717,59,-77
3718,67,-68
3719,66,-64
3720,71,-63
3721,68,-64
3722,65,-68
3723,63,-66
3724,56,-59
3725,46,-53
3726,48,-45
3727,46,-41
3728,38,-31
3729,33,-37
3730,27,-35
3731,12,-39
3732,7,-32
3733,-1,-31
3734,-7,-23
3735,-12,-22
3736,-10,-20
3737,-19,-21
3738,-29,-26
3739,-37,-21
3740,-48,-22
3741,-48,-21
3742,-51,-18
3743,-48,-10
3744,-49,-8
3745,-48,-6
3746,-49,-14
3747,-57,-11
3748,-64,-15
3749,-68,-13
3750,-64,-11
3751,-64,-7
3752,-61,-5
3753,-56,0
3754,-55,-8
3755,-63,-10
3756,-70,-10
3757,-73,-8
3758,-73,-4
3759,-74,-2
3760,-66,2
3761,-64,5
3762,-60,0
3763,-64,-5
3764,-73,-2
3765,-81,-3
3766,-78,9
3767,-76,9
3768,-75,13
3769,-69,9
3770,-71,10
3771,-72,7
3772,-75,4
3773,-80,4
3774,-79,3
3775,-83,5
3776,-79,12
3777,-76,16
3778,-75,9
3779,-72,6
3780,-74,3
3781,-77,-2
3782,-81,-2
3783,-82,-2
3784,-84,6
3785,-81,7
3786,-75,11
3787,-72,3
3788,-76,3
3789,-81,-4
3790,-87,0
3791,-85,0
3792,-86,7
3793,-78,15
3794,-76,13
3795,-75,11
3796,-78,10
3797,-76,3
3798,-84,5
3799,-86,9
3800,-87,7
3801,-82,11
3802,-81,12
3803,-75,14
3804,-79,6
3805,-78,6
3806,-86,2
3807,-85,5
3808,-88,7
3809,-85,10
3810,-79,11
3811,-75,16
3812,-76,14
3813,-80,14
3814,-89,11
3815,-94,11
3816,-94,15
3817,-94,17
3818,-92,25
3819,-89,22
3820,-88,21
3821,-89,18
3822,-97,18
3823,-96,19
3824,-93,12
3825,-90,16
3826,-89,15
3827,-84,19
3828,-80,15
3829,-86,12
3830,-86,7
3831,-86,7
3832,-93,6
3833,-87,6
3834,-85,12
3835,-86,14
3836,-78,18
3837,-76,10
3838,-74,7
3839,-83,4
3840,-88,11
3841,-87,7
3842,-89,13
3843,-86,19
3844,-80,15
3845,-77,15
3846,-81,10
3847,-85,7
3848,-85,10
3849,-90,12
3850,-92,11
3851,-86,19
3852,-80,19
3853,-77,19
3854,-80,14
3855,-82,10
3856,-88,7
3857,-90,11
3858,-86,14
3859,-83,16
3860,-83,23
3861,-75,19
3862,-75,19
3863,-80,13
3864,-77,9
3865,-80,11
3866,-81,9
3867,-83,16
3868,-81,17
3869,-80,20
3870,-82,15
3871,-81,12
3872,-87,9
3873,-89,7
3874,-90,10
3875,-91,14
3876,-84,17
3877,-81,21
3878,-81,18
3879,-77,18
3880,-81,14
3881,-87,10
3882,-87,9
3883,-84,13
3884,-83,15
3885,-74,17
3886,-66,19
3887,-62,14
3888,-58,12
3889,-61,9
3890,-74,2
3891,-86,7
3892,-100,8
3893,-98,12
3894,-92,22
3895,-81,17
3896,-78,9
3897,-78,10
3898,-83,4
3899,-89,7
3900,-88,15
3901,-86,19
3902,-78,17
3903,-73,16
3904,-69,13
3905,-70,5
3906,-74,9
3907,-84,7
3908,-81,10
3909,-76,18
3910,-71,19
3911,-62,13
3912,-56,12
3913,-55,7
3914,-66,3
3915,-85,2
3916,-98,2
3917,-106,5
3918,-95,10
3919,-83,12
3920,-73,6
3921,-71,7
3922,-74,5
3923,-79,3
3924,-83,9
3925,-78,9
3926,-71,11
3927,-71,14
3928,-73,12
3929,-71,6
3930,-73,1
3931,-77,2
3932,-75,0
3933,-70,3
3934,-75,6
3935,-72,10
3936,-71,8
3937,-71,0
3938,-67,-1
3939,-72,-3
3940,-74,-1
3941,-74,-2
3942,-80,-3
3943,-73,4
3944,-67,4
3945,-55,2
3946,-49,-4
3947,-44,-1
3948,-47,-3
3949,-57,0
3950,-67,4
3951,-72,7
3952,-71,12
3953,-65,10
3954,-58,11
3955,-60,1
3956,-61,0
3957,-63,-1
3958,-64,2
3959,-63,5
3960,-58,12
3961,-54,5
3962,-55,7
3963,-65,1
3964,-70,-5
3965,-70,-3
3966,-64,2
3967,-61,2
3968,-51,7
3969,-49,8
3970,-52,5
3971,-50,0
3972,-56,-1
3973,-53,-2
3974,-44,-2
3975,-42,-6
3976,-39,0
3977,-39,2
3978,-44,0
3979,-51,0
3980,-55,-11
3981,-61,-10
3982,-59,-11
3983,-56,-9
3984,-52,-8
3985,-46,-2
3986,-45,1
3987,-43,-7
3988,-48,-11
3989,-53,-18
3990,-57,-17
3991,-52,-13
3992,-48,-10
3993,-41,-6
3994,-37,-11
3995,-31,-17
3996,-37,-19
3997,-46,-21
3998,-61,-23
3999,-72,-21
4000,-70,-22
4001,-64,-12
4002,-57,-9
4003,-46,-13
4004,-46,-13
4005,-48,-14
4006,-51,-23
4007,-56,-22
4008,-59,-19
4009,-56,-16
4010,-47,-8
4011,-32,9
4012,-20,31
4013,-5,69
4014,14,124
4015,39,180
4016,75,231
4017,103,259
4018,119,258
4019,117,243
4020,93,220
4021,45,209
4022,-8,203
4023,-70,198
4024,-118,199
4025,-157,190
4026,-177,182
4027,-193,167
4028,-197,150
4029,-196,121
4030,-189,98
4031,-175,69
4032,-169,44
4033,-158,22
4034,-150,19
4035,-141,9
4036,-132,0
4037,-129,-16
4038,-133,-31
4039,-129,-46
4040,-129,-50
4041,-128,-48
4042,-115,-47
4043,-94,-47
4044,-90,-58
4045,-82,-53
4046,-87,-62
4047,-88,-64
4048,-93,-65
4049,-92,-68
4050,-90,-61
4051,-83,-56
4052,-82,-60
4053,-77,-59
4054,-79,-62
4055,-79,-67
4056,-86,-64
4057,-88,-70
4058,-83,-64
4059,-81,-63
4060,-85,-60
4061,-96,-60
4062,-96,-63
4063,-107,-66
4064,-109,-72
4065,-109,-74
4066,-104,-69
4067,-99,-65
4068,-93,-63
4069,-89,-64
4070,-85,-70
4071,-84,-77
4072,-85,-85
4073,-91,-86
4074,-87,-89
4075,-86,-88
4076,-82,-83
4077,-77,-83
4078,-71,-84
4079,-73,-92
4080,-73,-97
4081,-74,-103
4082,-79,-104
4083,-71,-102
4084,-69,-101
4085,-61,-104
4086,-55,-110
4087,-47,-112
4088,-51,-120
4089,-51,-122
4090,-50,-125
4091,-48,-125
4092,-40,-126
4093,-32,-119
4094,-16,-122
4095,-6,-121
4096,-5,-125
4097,-9,-130
4098,-20,-134
4099,-21,-131
4100,-14,-128
4101,5,-121
4102,17,-117
4103,30,-114
4104,34,-116
4105,33,-115
4106,31,-119
4107,32,-110
4108,43,-104
4109,46,-95
4110,53,-90
4111,61,-86
4112,63,-80
4113,72,-80
4114,67,-82
4115,63,-79
4116,58,-76
4117,58,-64
4118,55,-55
4119,53,-55
4120,49,-52
4121,37,-52
4122,30,-53
4123,18,-54
4124,13,-46
4125,7,-48
4126,3,-35
4127,-3,-29
4128,-1,-35
4129,-4,-30
4130,-15,-38
4131,-23,-38
4132,-37,-31
4133,-50,-30
4134,-57,-26
4135,-59,-20
4136,-55,-24
4137,-58,-26
4138,-70,-25
4139,-79,-25
4140,-92,-26
4141,-94,-20
4142,-87,-15
4143,-80,-10
4144,-71,-10
4145,-71,-13
4146,-74,-11
4147,-80,-16
4148,-94,-17
4149,-96,-21
4150,-93,-17
4151,-90,-11
4152,-83,-10
4153,-87,-9
4154,-90,-9
4155,-97,-16
4156,-98,-17
4157,-95,-17
4158,-96,-13
4159,-99,-6
4160,-88,0
4161,-85,-1
4162,-79,-6
4163,-87,-11
4164,-97,-15
4165,-103,-12
4166,-109,-10
4167,-111,-6
4168,-111,-4
4169,-110,0
4170,-111,-3
4171,-111,-7
4172,-113,-9
4173,-109,-11
4174,-106,-13
4175,-106,-5
4176,-106,-3
4177,-103,3
4178,-96,2
4179,-96,-7
4180,-99,-12
4181,-106,-14
4182,-111,-9
4183,-109,-8
4184,-114,-3
4185,-114,2
4186,-112,-3
4187,-106,-6
4188,-103,-12
4189,-109,-9
4190,-113,-13
4191,-110,-2
4192,-116,2
4193,-110,4
4194,-102,2
4195,-100,0
4196,-100,-5
4197,-109,-8
4198,-115,-10
4199,-123,-3
4200,-121,-1
4201,-120,1
4202,-110,3
4203,-103,1
4204,-100,4
4205,-108,0
4206,-118,-2
4207,-117,-3
4208,-118,-4
4209,-117,8
4210,-119,14
4211,-122,10
4212,-125,11
4213,-122,3
4214,-116,0
4215,-112,-2
4216,-105,-6
4217,-109,5
4218,-113,6
4219,-123,5
4220,-126,3
4221,-129,1
4222,-129,0
4223,-124,-4
4224,-118,-5
4225,-114,3
4226,-109,0
4227,-104,7
4228,-95,5
4229,-96,0
4230,-101,-3
4231,-113,-11
4232,-126,-8
4233,-127,-6
4234,-125,0
4235,-105,3
4236,-93,3
4237,-85,3
4238,-85,-4
4239,-90,-7
4240,-104,-9
4241,-111,-7
4242,-122,-1
4243,-119,6
4244,-114,10
4245,-107,10
4246,-104,0
4247,-109,-6
4248,-110,-7
4249,-118,-3
4250,-123,0
4251,-127,1
4252,-127,3
4253,-122,2
4254,-118,0
4255,-115,-2
4256,-111,-4
4257,-105,-7
4258,-101,-1
4259,-94,0
4260,-93,4
4261,-90,3
4262,-97,5
4263,-107,1
4264,-117,-5
4265,-117,-6
4266,-108,-3
4267,-99,1
4268,-93,7
4269,-94,10
4270,-102,5
4271,-107,4
4272,-110,0
4273,-117,-5
4274,-119,-3
4275,-114,2
4276,-110,6
4277,-110,10
4278,-108,1
4279,-106,3
4280,-102,-5
4281,-102,-7
4282,-106,-5
4283,-112,0
4284,-106,2
4285,-108,4
4286,-102,6
4287,-93,5
4288,-93,-1
4289,-94,-10
4290,-97,-4
4291,-103,-5
4292,-112,0
4293,-110,6
4294,-111,3
4295,-101,3
4296,-95,0
4297,-93,-7
4298,-101,-4
4299,-114,0
4300,-118,1
4301,-118,10
4302,-117,12
4303,-110,6
4304,-101,5
4305,-96,0
4306,-109,-2
4307,-103,-5
4308,-111,-2
4309,-104,6
4310,-101,7
4311,-96,4
4312,-89,4
4313,-92,0
4314,-102,-4
4315,-103,0
4316,-105,0
4317,-97,1
4318,-91,5
4319,-85,9
4320,-86,10
4321,-93,2
4322,-96,2
4323,-102,0
4324,-110,-3
4325,-105,0
4326,-104,8
4327,-99,7
4328,-108,9
4329,-114,7
4330,-115,4
4331,-119,-1
4332,-117,0
4333,-108,1
4334,-103,7
4335,-98,9
4336,-95,10
4337,-97,5
4338,-100,5
4339,-103,5
4340,-104,2
4341,-109,7
4342,-109,4
4343,-102,11
4344,-95,7
4345,-92,7
4346,-85,7
4347,-87,4
4348,-76,6
4349,-79,1
4350,-94,2
4351,-107,7
4352,-113,8
4353,-110,10
4354,-99,7
4355,-92,0
4356,-94,1
4357,-101,0
4358,-102,1
4359,-105,9
4360,-102,14
4361,-98,14
4362,-92,11
4363,-90,2
4364,-93,0
4365,-94,3
4366,-92,5
4367,-91,6
4368,-87,7
4369,-86,12
4370,-86,13
4371,-84,10
4372,-84,5
4373,-91,3
4374,-90,1
4375,-86,3
4376,-80,8
4377,-75,11
4378,-76,14
4379,-80,12
4380,-92,6
4381,-98,1
4382,-96,-2
4383,-86,2
4384,-80,8
4385,-77,7
4386,-76,13
4387,-77,7
4388,-81,4
4389,-85,1
4390,-83,6
4391,-85,2
4392,-86,13
4393,-86,14
4394,-84,11
4395,-77,12
4396,-76,5
4397,-77,4
4398,-87,7
4399,-87,30
4400,-83,62
4401,-59,110
4402,-30,169
4403,10,224
4404,46,272
4405,63,287
4406,64,279
4407,42,258
4408,2,247
4409,-49,248
4410,-98,240
4411,-123,243
4412,-155,238
4413,-175,230
4414,-195,215
4415,-219,199
4416,-235,184
4417,-245,172
4418,-236,154
4419,-215,123
4420,-189,92
4421,-165,64
4422,-159,38
4423,-153,31
4424,-158,22
4425,-154,13
4426,-144,3
4427,-123,-5
4428,-106,-14
4429,-98,-22
4430,-92,-30
4431,-101,-32
4432,-99,-35
4433,-106,-32
4434,-104,-32
4435,-89,-30
4436,-85,-34
4437,-80,-35
4438,-84,-42
4439,-91,-44
4440,-86,-42
4441,-80,-42
4442,-76,-42
4443,-78,-41
4444,-72,-45
4445,-71,-41
4446,-76,-52
4447,-85,-53
4448,-89,-62
4449,-93,-58
4450,-94,-54
4451,-86,-49
4452,-78,-54
4453,-76,-53
4454,-74,-63
4455,-81,-63
4456,-82,-73
4457,-89,-75
4458,-87,-77
4459,-86,-74
4460,-80,-73
4461,-76,-74
4462,-71,-82
4463,-75,-89
4464,-80,-88
4465,-89,-97
4466,-90,-98
4467,-88,-99
4468,-84,-94
4469,-78,-90
4470,-71,-92
4471,-68,-104
4472,-68,-112
4473,-64,-121
4474,-59,-125
4475,-47,-121
4476,-46,-119
4477,-32,-114
4478,-24,-115
4479,-27,-121
4480,-23,-131
4481,-24,-129
4482,-27,-129
4483,-23,-128
4484,-16,-124
4485,-2,-121
4486,2,-119
4487,11,-121
4488,18,-119
4489,15,-119
4490,20,-118
4491,27,-113
4492,31,-113
4493,38,-99
4494,39,-95
4495,45,-95
4496,42,-87
4497,44,-96
4498,35,-86
4499,36,-80
4500,34,-75
4501,37,-65
4502,40,-58
4503,36,-57
4504,36,-59
4505,22,-57
4506,16,-55
4507,12,-53
4508,7,-44
4509,5,-42
4510,0,-43
4511,-3,-35
4512,-9,-34
4513,-21,-37
4514,-31,-39
4515,-33,-33
4516,-36,-31
4517,-33,-30
4518,-39,-23
4519,-35,-14
4520,-33,-22
4521,-41,-23
4522,-52,-19
4523,-70,-24
4524,-80,-20
4525,-81,-19
4526,-72,-10
4527,-63,-4
4528,-64,-8
4529,-70,-9
4530,-84,-10
4531,-95,-15
4532,-94,-10
4533,-80,-6
4534,-76,-6
4535,-72,-5
4536,-68,-3
4537,-71,-2
4538,-76,-8
4539,-79,-5
4540,-85,-10
4541,-79,-7
4542,-77,1
4543,-68,5
4544,-54,9
4545,-51,9
4546,-53,4
4547,-69,3
4548,-83,2
4549,-83,0
4550,-85,2
4551,-77,14
4552,-76,17
4553,-74,23
4554,-70,15
4555,-64,10
4556,-69,7
4557,-65,12
4558,-64,17
4559,-67,17
4560,-64,24
4561,-58,19
4562,-51,22
4563,-49,18
4564,-51,13
4565,-53,16
4566,-55,11
4567,-55,16
4568,-45,18
4569,-43,21
4570,-43,20
4571,-50,17
4572,-57,13
4573,-62,12
4574,-63,12
4575,-65,9
4576,-63,15
4577,-62,15
4578,-53,18
4579,-58,20
4580,-54,19
4581,-58,14
4582,-69,15
4583,-69,23
4584,-60,22
4585,-55,27
4586,-44,23
4587,-38,21
4588,-42,21
4589,-56,17
4590,-69,18
4591,-73,21
4592,-62,26
4593,-54,33
4594,-49,32
4595,-48,32
4596,-54,27
4597,-69,26
4598,-69,22
4599,-71,21
4600,-68,22
4601,-57,23
4602,-53,17
4603,-53,22
4604,-44,22
4605,-40,13
4606,-43,12
4607,-49,12
4608,-52,13
4609,-56,23
4610,-57,22
4611,-53,31
4612,-43,31
4613,-33,22
4614,-32,13
4615,-37,15
4616,-43,15
4617,-49,21
4618,-43,25
4619,-28,25
4620,-28,23
4621,-43,19
4622,-63,15
4623,-79,17
4624,-86,12
4625,-76,15
4626,-69,16
4627,-54,21
4628,-46,21
4629,-51,20
4630,-54,12
4631,-65,11
4632,-66,13
4633,-67,15
4634,-76,18
4635,-71,22
4636,-72,26
4637,-64,19
4638,-55,22
4639,-55,17
4640,-61,14
4641,-69,17
4642,-75,22
4643,-75,24
4644,-66,27
4645,-65,25
4646,-69,24
4647,-78,27
4648,-80,22
4649,-87,25
4650,-87,22
4651,-82,33
4652,-69,31
4653,-58,27
4654,-55,31
4655,-62,24
4656,-80,22
4657,-93,24
4658,-99,30
4659,-106,34
4660,-97,39
4661,-94,42
4662,-87,33
4663,-85,26
4664,-87,25
4665,-90,23
4666,-92,28
4667,-96,30
4668,-94,38
4669,-96,39
4670,-89,39
4671,-95,38
4672,-95,23
4673,-96,22
4674,-94,26
4675,-90,31
4676,-87,36
4677,-80,34
4678,-80,30
4679,-83,31
4680,-84,25
4681,-90,26
4682,-98,33
4683,-105,29
4684,-108,33
4685,-106,39
4686,-105,41
4687,-105,39
4688,-112,34
4689,-113,27
4690,-122,32
4691,-121,30
4692,-117,41
4693,-104,40
4694,-97,42
4695,-94,35
4696,-108,34
4697,-120,31
4698,-128,32
4699,-132,33
4700,-131,31
4701,-126,40
4702,-120,36
4703,-122,40
4704,-115,33
4705,-115,36
4706,-115,35
4707,-117,33
4708,-113,37
4709,-118,43
4710,-112,43
4711,-114,39
4712,-114,37
4713,-117,34
4714,-118,31
4715,-121,34
4716,-125,34
4717,-116,41
4718,-108,45
4719,-95,44
4720,-93,45
4721,-98,43
4722,-105,40
4723,-113,37
4724,-121,33
4725,-119,39
4726,-110,42
4727,-112,51
4728,-108,49
4729,-109,42
4730,-113,34
4731,-122,28
4732,-122,35
4733,-125,40
4734,-123,50
4735,-122,53
4736,-118,51
4737,-116,46
4738,-117,45
4739,-126,42
4740,-135,45
4741,-150,46
4742,-152,47
4743,-143,51
4744,-131,49
4745,-116,49
4746,-111,48
4747,-109,46
4748,-110,42
4749,-113,40
4750,-116,47
4751,-114,49
4752,-122,54
4753,-121,55
4754,-118,50
4755,-125,46
4756,-126,39
4757,-128,39
4758,-123,44
4759,-127,44
4760,-124,51
4761,-128,53
4762,-127,56
4763,-131,51
4764,-125,48
4765,-128,40
4766,-121,49
4767,-124,50
4768,-128,62
4769,-124,54
4770,-119,58
4771,-116,52
4772,-119,47
4773,-125,49
4774,-128,48
4775,-132,49
4776,-131,56
4777,-125,55
4778,-119,59
4779,-116,54
4780,-113,51
4781,-110,45
4782,-112,42
4783,-114,47
4784,-120,54
4785,-122,63
4786,-126,62
4787,-117,64
4788,-100,69
4789,-78,91
4790,-69,134
4791,-62,187
4792,-51,246
4793,-29,287
4794,-17,300
4795,5,299
4796,12,279
4797,16,257
4798,10,246
4799,-6,240
4800,-30,235
4801,-63,235
4802,-95,231
4803,-116,223
4804,-132,210
4805,-137,198
4806,-138,186
4807,-144,166
4808,-150,149
4809,-152,127
4810,-156,116
4811,-153,99
4812,-149,83
4813,-141,68
4814,-140,58
4815,-144,50
4816,-151,44
4817,-159,39
4818,-167,40
4819,-164,34
4820,-157,22
4821,-143,21
4822,-120,20
4823,-114,14
4824,-107,20
4825,-113,16
4826,-125,21
4827,-139,21
4828,-149,23
4829,-154,21
4830,-149,17
4831,-139,10
4832,-108,8
4833,-83,12
4834,-72,13
4835,-75,13
4836,-92,14
4837,-109,9
4838,-135,7
4839,-159,5
4840,-157,4
4841,-139,4
4842,-108,4
4843,-84,5
4844,-82,6
4845,-89,2
4846,-94,0
4847,-96,-13
4848,-107,-18
4849,-111,-13
4850,-114,-13
4851,-113,-10
4852,-115,-9
4853,-115,-17
4854,-112,-29
4855,-98,-34
4856,-97,-37
4857,-85,-42
4858,-81,-43
4859,-64,-40
4860,-53,-41
4861,-51,-41
4862,-62,-53
4863,-73,-53
4864,-70,-64
4865,-71,-70
4866,-61,-69
4867,-61,-66
4868,-64,-63
4869,-70,-61
4870,-76,-61
4871,-80,-66
4872,-73,-78
4873,-51,-83
4874,-32,-82
4875,-8,-82
4876,14,-77
4877,28,-73
4878,37,-80
4879,24,-90
4880,1,-94
4881,-14,-89
4882,-8,-76
4883,11,-66
4884,5,-51
4885,-11,-46
4886,-24,-54
4887,-12,-58
4888,22,-64
4889,52,-58
4890,62,-43
4891,42,-32
4892,15,-25
4893,8,-17
4894,32,-14
4895,64,-16
4896,76,-21
4897,59,-18
4898,32,-24
4899,12,-14
4900,20,-8
4901,42,1
4902,47,7
4903,36,5
4904,7,10
4905,-16,6
4906,-26,5
4907,-13,6
4908,4,12
4909,3,15
4910,-8,18
4911,-15,10
4912,-13,16
4913,-4,7
4914,13,0
4915,26,0
4916,29,-1
4917,-1,2
4918,-39,0
4919,-77,4
4920,-83,10
4921,-54,12
4922,-12,11
4923,13,8
4924,1,2
4925,-44,7
4926,-80,17
4927,-90,28
4928,-75,38
4929,-56,32
4930,-37,21
4931,-14,7
4932,26,-3
4933,55,1
4934,58,13
4935,18,28
4936,-40,35
4937,-66,22
4938,-43,13
4939,7,-2
4940,40,-6
4941,12,0
4942,-41,15
4943,-79,25
4944,-74,27
4945,-37,16
4946,7,1
4947,43,-4
4948,71,-2
4949,67,10
4950,20,19
4951,-40,23
4952,-76,18
4953,-59,13
4954,-25,0
4955,10,-7
4956,7,-13
4957,-16,-3
4958,-44,9
4959,-48,17
4960,-29,13
4961,-12,-14
4962,1,-31
4963,2,-51
4964,0,-38
4965,-12,-3
4966,-24,31
4967,-36,44
4968,-38,34
4969,-37,18
4970,-26,1
4971,-10,-4
4972,7,-9
4973,14,-10
4974,7,-9
4975,-8,-10
4976,-23,-10
4977,-29,-5
4978,-21,-4
4979,-25,-8
4980,-30,-11
4981,-32,-15
4982,-16,-14
4983,-2,-16
4984,-3,-12
4985,-6,-6
4986,-14,-5
4987,-18,-8
4988,-44,-14
4989,-68,-18
4990,-81,-22
4991,-74,-18
4992,-65,-18
4993,-47,-18
4994,-23,-27
4995,-21,-33
4996,-28,-42
4997,-46,-47
4998,-43,-46
4999,-28,-24
5000,-26,-7
5001,-49,4
5002,-76,9
5003,-79,3
5004,-67,-10
5005,-48,-21
5006,-44,-31
5007,-48,-27
5008,-58,-25
5009,-58,-20
5010,-48,-19
5011,-28,-18
5012,-16,-18
5013,-17,-26
5014,-34,-29
5015,-48,-32
5016,-59,-27
5017,-69,-25
5018,-68,-21
5019,-61,-26
5020,-49,-26
5021,-43,-30
5022,-57,-34
5023,-75,-32
5024,-86,-35
5025,-80,-26
5026,-64,-23
5027,-52,-25
5028,-40,-27
5029,-38,-30
5030,-45,-32
5031,-61,-36
5032,-71,-31
5033,-84,-32
5034,-89,-32
5035,-92,-32
5036,-92,-42
5037,-93,-41
5038,-92,-38
5039,-76,-26
5040,-71,-21
5041,-70,-18
5042,-84,-13
5043,-81,-18
5044,-64,-21
5045,-52,-18
5046,-50,-29
5047,-73,-34
5048,-96,-35
5049,-109,-33
5050,-102,-31
5051,-75,-28
5052,-51,-34
5053,-41,-32
5054,-51,-33
5055,-78,-32
5056,-93,-33
5057,-99,-31
5058,-93,-30
5059,-89,-27
5060,-88,-23
5061,-80,-20
5062,-70,-28
5063,-55,-30
5064,-51,-32
5065,-67,-38
5066,-91,-31
5067,-120,-24
5068,-132,-19
5069,-123,-18
5070,-108,-22
5071,-80,-29
5072,-72,-37
5073,-69,-44
5074,-80,-48
5075,-93,-45
5076,-107,-33
5077,-111,-23
5078,-103,-13
5079,-91,-17
5080,-79,-26
5081,-72,-19
5082,-72,-19
5083,-73,-26
5084,-72,-19
5085,-76,-24
5086,-91,-24
5087,-100,-24
5088,-106,-30
5089,-102,-30
5090,-100,-29
5091,-99,-28
5092,-98,-27
5093,-99,-25
5094,-93,-20
5095,-84,-23
5096,-76,-25
5097,-55,-28
5098,-45,-32
5099,-50,-35
5100,-76,-32
5101,-106,-22
5102,-128,-22
5103,-131,-22
5104,-117,-26
5105,-92,-32
5106,-80,-32
5107,-81,-37
5108,-86,-38
5109,-90,-36
5110,-85,-32
5111,-75,-27
5112,-68,-21
5113,-80,-16
5114,-95,-16
5115,-110,-20
5116,-112,-22
5117,-112,-24
5118,-111,-16
5119,-102,-20
